,Country,Region,Happiness Rank,Happiness_Score,Standard Error,Economy (GDP per Capita),Family,Health (Life Expectancy),Freedom,Trust (Government Corruption),Generosity,Dystopia Residual,Year,Status,Life_expectancy ,Adult Mortality,infant deaths,Alcohol,percentage expenditure,Hepatitis B,Measles , BMI ,under-five deaths ,Polio,Total expenditure,Diphtheria , HIV/AIDS,GDP,Population, thinness  1-19 years, thinness 5-9 years,Income composition of resources,Schooling
0,Switzerland,Western Europe,1.0,7.587000000000001,0.03411,1.3965100000000001,1.34951,0.9414299999999999,0.66557,0.41978000000000004,0.29678000000000004,2.5173799999999997,2015.0,Developed,83.4,49.0,0.0,,0.0,,35.0,57.4,0.0,97.0,,97.0,0.1,8989.8424,8282396.0,0.4,0.3,0.938,16.0
1,Iceland,Western Europe,2.0,7.561,0.048839999999999995,1.3023200000000001,1.4022299999999999,0.94784,0.6287699999999999,0.14145,0.4363,2.70201,2015.0,Developed,82.7,49.0,0.0,,0.0,,0.0,61.0,0.0,92.0,,92.0,0.1,5734.4436,33815.0,1.0,0.9,0.919,19.0
2,Denmark,Western Europe,3.0,7.527,0.033280000000000004,1.32548,1.36058,0.87464,0.6493800000000001,0.48357,0.34139,2.4920400000000003,2015.0,Developed,86.0,71.0,0.0,,0.0,,9.0,58.8,0.0,93.0,,93.0,0.1,5314.64416,5683483.0,1.1,0.9,0.9229999999999999,19.2
3,Norway,Western Europe,4.0,7.522,0.0388,1.459,1.33095,0.88521,0.66973,0.36503,0.34699,2.4653099999999997,2015.0,Developed,81.8,59.0,0.0,5.97,0.0,,14.0,61.2,0.0,95.0,,95.0,0.1,7455.246540000001,518867.0,0.8,0.7,0.948,17.7
4,Canada,North America,5.0,7.4270000000000005,0.03553,1.32629,1.32261,0.9056299999999999,0.63297,0.32957,0.45811,2.4517599999999997,2015.0,Developing,82.2,64.0,2.0,,0.0,55.0,195.0,67.0,2.0,91.0,,91.0,0.1,43315.744000000006,3584861.0,0.6,0.5,0.919,16.3
5,Finland,Western Europe,6.0,7.406000000000001,0.0314,1.29025,1.31826,0.8891100000000001,0.64169,0.41372,0.23351,2.61955,2015.0,Developing,81.1,76.0,0.0,,0.0,,2.0,62.1,0.0,97.0,,97.0,0.1,4245.39744,5479531.0,0.9,0.8,0.893,17.0
6,Netherlands,Western Europe,7.0,7.377999999999999,0.027989999999999998,1.32944,1.28017,0.89284,0.6157600000000001,0.31814000000000003,0.4761,2.4657,2015.0,Developed,81.9,57.0,1.0,,0.0,94.0,7.0,62.1,1.0,95.0,,95.0,0.1,44292.88473,16939923.0,1.0,0.9,0.9229999999999999,18.1
7,Sweden,Western Europe,8.0,7.364,0.03157,1.33171,1.2890700000000002,0.9108700000000001,0.6598,0.43843999999999994,0.36262,2.3711900000000004,2015.0,Developed,82.4,53.0,0.0,,0.0,67.0,22.0,59.5,0.0,98.0,,98.0,0.1,5585.258470000001,9799186.0,1.5,1.4,0.909,15.9
8,New Zealand,Australia and New Zealand,9.0,7.2860000000000005,0.033710000000000004,1.2501799999999998,1.3196700000000001,0.9083700000000001,0.6393800000000001,0.42922,0.47501000000000004,2.26425,2015.0,Developed,81.6,66.0,0.0,8.7,0.0,92.0,10.0,67.5,0.0,92.0,,92.0,0.1,3821.8937,,0.4,0.3,0.9129999999999999,19.2
9,Australia,Australia and New Zealand,10.0,7.284,0.04083,1.33358,1.30923,0.93156,0.6512399999999999,0.35636999999999996,0.43562,2.26646,2015.0,Developed,82.8,59.0,1.0,,0.0,93.0,74.0,66.6,1.0,93.0,,93.0,0.1,56554.3876,23789338.0,0.6,0.6,0.937,20.4
10,Israel,Middle East and Northern Africa,11.0,7.278,0.0347,1.2285700000000002,1.22393,0.9138700000000001,0.41318999999999995,0.07785,0.33171999999999996,3.08854,2015.0,Developing,82.5,58.0,0.0,,0.0,96.0,80.0,64.9,1.0,95.0,,95.0,0.1,35729.37253,8381.0,1.2,1.1,0.898,16.0
11,Costa Rica,Latin America and Caribbean,12.0,7.226,0.044539999999999996,0.95578,1.2378799999999999,0.8602700000000001,0.63376,0.10583,0.25497,3.17728,2015.0,Developing,79.6,95.0,1.0,,0.0,92.0,0.0,6.5,1.0,92.0,,92.0,0.1,1146.36273,487852.0,1.7,1.7,0.775,14.2
12,Austria,Western Europe,13.0,7.2,0.03751,1.33723,1.29704,0.8904200000000001,0.62433,0.18675999999999998,0.33088,2.5332,2015.0,Developed,81.5,65.0,0.0,,0.0,93.0,309.0,57.6,0.0,93.0,,93.0,0.1,43665.947,8633169.0,1.9,2.1,0.892,15.9
13,Mexico,Latin America and Caribbean,14.0,7.187,0.041760000000000005,1.02054,0.91451,0.8144399999999999,0.48181,0.21311999999999998,0.14074,3.6021400000000003,2015.0,Developing,76.7,122.0,30.0,,0.0,82.0,0.0,63.5,35.0,87.0,,87.0,0.1,9143.128494,12589949.0,1.5,1.5,0.758,13.3
14,United States of America,North America,15.0,7.119,0.03839,1.3945100000000001,1.24711,0.86179,0.54604,0.1589,0.40105,2.51011,2015.0,Developed,79.3,13.0,23.0,,0.0,92.0,188.0,69.6,26.0,93.0,,95.0,0.1,,,0.8,0.6,,
15,Brazil,Latin America and Caribbean,16.0,6.983,0.040760000000000005,0.98124,1.2328700000000001,0.69702,0.49049,0.17521,0.14574,3.26001,2015.0,Developing,75.0,142.0,42.0,,0.0,96.0,214.0,56.1,47.0,98.0,,96.0,0.1,8757.2622,2596218.0,2.7,2.6,0.754,15.2
16,Luxembourg,Western Europe,17.0,6.946000000000001,0.03499,1.5639100000000001,1.21963,0.91894,0.61583,0.37798000000000004,0.28034000000000003,1.9696099999999999,2015.0,Developed,82.0,63.0,0.0,,0.0,94.0,0.0,61.3,0.0,99.0,,99.0,0.1,1199.8223,56964.0,1.0,0.9,0.8959999999999999,13.9
17,Ireland,Western Europe,18.0,6.94,0.03676,1.33596,1.36948,0.89533,0.6177699999999999,0.28703,0.45901000000000003,1.9757,2015.0,Developed,81.4,64.0,0.0,,0.0,95.0,4.0,62.8,0.0,95.0,,95.0,0.1,6664.144,4676835.0,0.3,0.2,0.92,18.6
18,Belgium,Western Europe,19.0,6.937,0.03595,1.30782,1.28566,0.8966700000000001,0.5845,0.2254,0.2225,2.4148400000000003,2015.0,Developed,81.1,74.0,0.0,,0.0,98.0,47.0,63.7,1.0,99.0,,99.0,0.1,4356.875,11274196.0,1.0,1.0,0.895,16.6
19,United Arab Emirates,Middle East and Northern Africa,20.0,6.901,0.03729,1.42727,1.12575,0.80925,0.64157,0.38583,0.26428,2.24743,2015.0,Developing,77.1,75.0,1.0,,0.0,99.0,347.0,64.2,1.0,99.0,,99.0,0.1,3911.74689,,5.3,5.1,0.836,13.3
20,United Kingdom,Western Europe,21.0,6.867000000000001,0.01866,1.26637,1.28548,0.90943,0.59625,0.32066999999999996,0.51912,1.9699400000000002,,,,,,,,,,,,,,,,,,,,,
21,Oman,Middle East and Northern Africa,22.0,6.853,0.05335,1.36011,1.08182,0.76276,0.63274,0.32524000000000003,0.21541999999999997,2.4748900000000003,2015.0,Developing,76.6,99.0,1.0,,0.0,99.0,0.0,54.6,1.0,99.0,,99.0,0.1,16627.36433,,7.1,6.9,0.795,13.7
22,Venezuela,Latin America and Caribbean,23.0,6.81,0.06476,1.04424,1.25596,0.7205199999999999,0.42908,0.11069000000000001,0.058410000000000004,3.1913099999999996,,,,,,,,,,,,,,,,,,,,,
23,Singapore,Southeastern Asia,24.0,6.797999999999999,0.0378,1.52186,1.02,1.02525,0.54252,0.4921,0.31105,1.8850099999999999,2015.0,Developed,83.1,55.0,0.0,1.79,0.0,96.0,0.0,33.2,0.0,96.0,,96.0,0.1,53629.737460000004,,2.2,2.2,0.924,15.4
24,Panama,Latin America and Caribbean,25.0,6.7860000000000005,0.0491,1.0635299999999999,1.1985,0.79661,0.5421,0.0927,0.24434,2.84848,2015.0,Developing,77.8,118.0,1.0,,0.0,73.0,0.0,57.8,1.0,72.0,,73.0,0.1,13134.4367,3969249.0,1.9,1.8,0.785,13.0
25,Germany,Western Europe,26.0,6.75,0.01848,1.32792,1.2993700000000001,0.89186,0.6147699999999999,0.21843,0.28214,2.1156900000000003,2015.0,Developed,81.0,68.0,2.0,,0.0,88.0,2464.0,62.3,3.0,94.0,,95.0,0.1,41176.88158,81686611.0,1.1,1.1,0.924,17.1
26,Chile,Latin America and Caribbean,27.0,6.67,0.057999999999999996,1.10715,1.12447,0.85857,0.44132,0.12869,0.33363000000000004,2.67585,2015.0,Developing,85.0,82.0,2.0,,0.0,97.0,9.0,63.8,2.0,96.0,,96.0,0.1,13653.2264,17762681.0,0.8,0.8,0.845,16.3
27,Qatar,Middle East and Northern Africa,28.0,6.611000000000001,0.06257,1.69042,1.0786,0.79733,0.6404,0.52208,0.32573,1.55674,2015.0,Developing,78.2,68.0,0.0,,0.0,99.0,18.0,69.3,0.0,99.0,,99.0,0.1,66346.52267,,5.2,4.9,0.855,13.4
28,France,Western Europe,29.0,6.575,0.03512,1.27778,1.2603799999999998,0.9457899999999999,0.55011,0.20646,0.12332,2.21126,2015.0,Developing,82.4,78.0,2.0,,0.0,86.0,157.0,62.5,3.0,98.0,,98.0,0.1,36526.7711,6662468.0,0.7,0.6,0.894,16.3
29,Argentina,Latin America and Caribbean,30.0,6.574,0.04612,1.05351,1.24823,0.78723,0.44974,0.08484,0.11450999999999999,2.8360000000000003,2015.0,Developing,76.3,116.0,8.0,,0.0,94.0,0.0,62.8,9.0,93.0,,94.0,0.1,13467.1236,43417765.0,1.0,0.9,0.826,17.3
30,Czech Republic,Central and Eastern Europe,31.0,6.505,0.04168,1.17898,1.20643,0.84483,0.46363999999999994,0.02652,0.10686,2.67782,,,,,,,,,,,,,,,,,,,,,
31,Uruguay,Latin America and Caribbean,32.0,6.485,0.04539,1.06166,1.2089,0.8116,0.6036199999999999,0.24558000000000002,0.2324,2.3214200000000003,2015.0,Developing,77.0,116.0,0.0,,0.0,95.0,0.0,64.0,0.0,95.0,,95.0,0.1,15524.84247,3431552.0,1.5,1.4,0.794,15.5
32,Colombia,Latin America and Caribbean,33.0,6.477,0.05051,0.91861,1.2401799999999998,0.69077,0.53466,0.0512,0.18400999999999998,2.85737,2015.0,Developing,74.8,143.0,10.0,,0.0,91.0,1.0,57.9,12.0,91.0,,91.0,0.1,644.5255559999999,48228697.0,2.1,1.9,0.7240000000000001,13.6
33,Thailand,Southeastern Asia,34.0,6.455,0.03557,0.9669,1.26504,0.7385,0.5566399999999999,0.031869999999999996,0.5763,2.31945,2015.0,Developing,74.9,148.0,8.0,,0.0,99.0,154.0,33.6,9.0,99.0,,99.0,0.1,5814.863134,686576.0,7.7,7.7,0.738,13.6
34,Saudi Arabia,Middle East and Northern Africa,35.0,6.4110000000000005,0.04633,1.39541,1.0839299999999998,0.72025,0.31048000000000003,0.32524000000000003,0.13706,2.43872,2015.0,Developing,74.5,88.0,7.0,,0.0,98.0,219.0,68.2,8.0,97.0,,98.0,0.1,2732.86172,,7.8,7.6,0.845,16.1
35,Spain,Western Europe,36.0,6.329,0.03468,1.23011,1.31379,0.95562,0.45951000000000003,0.06398,0.18227000000000002,2.12367,2015.0,Developed,82.8,56.0,1.0,,0.0,97.0,115.0,66.6,1.0,97.0,,97.0,0.1,25683.84565,46447697.0,0.6,0.5,0.882,17.7
36,Malta,Western Europe,37.0,6.3020000000000005,0.04206,1.2074,1.30203,0.88721,0.60365,0.13585999999999998,0.51752,1.6488,2015.0,Developed,81.7,54.0,0.0,,0.0,95.0,2.0,69.6,0.0,97.0,,97.0,0.1,23819.4636,431874.0,0.8,0.8,0.853,14.6
37,Taiwan,Eastern Asia,38.0,6.297999999999999,0.03868,1.29098,1.07617,0.8753,0.3974,0.08129,0.25376,2.32323,,,,,,,,,,,,,,,,,,,,,
38,Kuwait,Middle East and Northern Africa,39.0,6.295,0.04456,1.5542200000000002,1.16594,0.72492,0.55499,0.25609,0.16228,1.8763400000000001,2015.0,Developing,74.7,81.0,0.0,,0.0,99.0,18.0,71.4,1.0,99.0,,99.0,0.1,28975.417999999998,,3.5,3.4,0.799,13.3
39,Suriname,Latin America and Caribbean,40.0,6.269,0.09811,0.99534,0.972,0.6082,0.5965699999999999,0.13633,0.16990999999999998,2.79094,2015.0,Developing,71.6,176.0,0.0,,0.0,89.0,0.0,58.3,0.0,89.0,,89.0,0.4,8818.982565999999,55328.0,3.5,3.5,0.723,12.7
40,Trinidad and Tobago,Latin America and Caribbean,41.0,6.167999999999999,0.10895,1.21183,1.18354,0.61483,0.55884,0.0114,0.31844,2.2688200000000003,2015.0,Developing,71.2,17.0,0.0,,0.0,9.0,0.0,47.1,0.0,88.0,,96.0,0.3,17321.833730000002,13692.0,5.7,5.9,0.779,12.7
41,El Salvador,Latin America and Caribbean,42.0,6.13,0.056179999999999994,0.76454,1.0250700000000001,0.67737,0.4035,0.11775999999999999,0.10692,3.035,2015.0,Developing,73.5,178.0,2.0,,0.0,91.0,0.0,56.1,2.0,92.0,,91.0,0.2,4127.11775,6312478.0,1.6,1.5,0.6779999999999999,13.2
42,Guatemala,Latin America and Caribbean,43.0,6.122999999999999,0.052239999999999995,0.74553,1.04356,0.64425,0.57733,0.09472,0.27489,2.74255,2015.0,Developing,71.9,186.0,10.0,,0.0,74.0,0.0,5.6,12.0,9.0,,74.0,0.4,3923.573344,16252429.0,1.2,1.2,0.637,10.7
43,Uzbekistan,Central and Eastern Europe,44.0,6.002999999999999,0.04361,0.63244,1.34043,0.59772,0.6582100000000001,0.30826,0.22837,2.2374099999999997,2015.0,Developing,69.4,184.0,15.0,,0.0,99.0,22.0,44.7,17.0,99.0,,99.0,0.1,2137.576852,312989.0,3.0,3.1,0.6970000000000001,12.1
44,Slovakia,Central and Eastern Europe,45.0,5.995,0.04267,1.1689100000000001,1.26999,0.7890199999999999,0.31751,0.03431,0.16893,2.2463900000000003,2015.0,Developed,76.7,19.0,0.0,,0.0,96.0,1.0,59.1,0.0,96.0,,96.0,0.1,,,1.2,1.2,0.8420000000000001,15.0
45,Japan,Eastern Asia,46.0,5.987,0.03581,1.27074,1.25712,0.99111,0.49615,0.1806,0.10705,1.68435,2015.0,Developed,83.7,55.0,2.0,,0.0,,35.0,29.0,3.0,99.0,,96.0,0.1,34474.13736,127141.0,2.1,1.8,0.902,15.3
46,South Korea,Eastern Asia,47.0,5.984,0.04098,1.24461,0.9577399999999999,0.9653799999999999,0.33208000000000004,0.07857,0.18557,2.21978,,,,,,,,,,,,,,,,,,,,,
47,Ecuador,Latin America and Caribbean,48.0,5.975,0.04528,0.8640200000000001,0.99903,0.79075,0.48573999999999995,0.1809,0.11540999999999998,2.5394200000000002,2015.0,Developing,76.2,118.0,6.0,,0.0,78.0,0.0,54.2,7.0,84.0,,78.0,0.1,625.62224,16144368.0,1.2,1.1,0.7390000000000001,14.0
48,Bahrain,Middle East and Northern Africa,49.0,5.96,0.05412,1.32376,1.21624,0.74716,0.45492,0.306,0.17362,1.73797,2015.0,Developing,76.9,69.0,0.0,,0.0,98.0,0.0,63.6,0.0,98.0,,98.0,0.1,22688.878240000002,,6.2,6.1,0.823,14.5
49,Italy,Western Europe,50.0,5.9479999999999995,0.03914,1.25114,1.19777,0.9544600000000001,0.26236,0.02901,0.22823000000000002,2.0251799999999998,2015.0,Developed,82.7,56.0,1.0,,0.0,93.0,159.0,63.6,2.0,93.0,,93.0,0.1,349.14755,673582.0,0.6,0.6,0.8809999999999999,16.3
50,Bolivia,Latin America and Caribbean,51.0,5.89,0.056420000000000005,0.68133,0.97841,0.5392,0.57414,0.08800000000000001,0.20536,2.82334,,,,,,,,,,,,,,,,,,,,,
51,Moldova,Central and Eastern Europe,52.0,5.888999999999999,0.037989999999999996,0.59448,1.01528,0.61826,0.32818,0.01615,0.20951,3.10712,,,,,,,,,,,,,,,,,,,,,
52,Paraguay,Latin America and Caribbean,53.0,5.877999999999999,0.045630000000000004,0.75985,1.30477,0.66098,0.53899,0.08242000000000001,0.3424,2.18896,2015.0,Developing,74.0,146.0,2.0,,0.0,93.0,0.0,5.2,3.0,89.0,,93.0,0.2,419.367724,6639119.0,2.0,1.9,0.6920000000000001,12.3
53,Kazakhstan,Central and Eastern Europe,54.0,5.855,0.041139999999999996,1.1225399999999999,1.1224100000000001,0.64368,0.51649,0.08454,0.11827,2.24729,2015.0,Developing,72.0,198.0,4.0,,0.0,98.0,526.0,53.1,5.0,98.0,,98.0,0.1,159.9817,17544126.0,2.4,2.5,0.7929999999999999,15.0
54,Slovenia,Central and Eastern Europe,55.0,5.848,0.04251,1.18498,1.27385,0.8733700000000001,0.60855,0.03787,0.25328,1.6158299999999999,2015.0,Developed,88.0,74.0,0.0,,0.0,,18.0,6.1,0.0,95.0,,95.0,0.1,2729.8638300000002,263531.0,1.4,1.3,0.888,17.3
55,Lithuania,Central and Eastern Europe,56.0,5.832999999999999,0.03843,1.14723,1.25745,0.73128,0.21341999999999997,0.01031,0.026410000000000003,2.4464900000000003,2015.0,Developed,73.6,165.0,0.0,,0.0,94.0,50.0,62.4,0.0,93.0,,93.0,0.1,14252.428530000001,29491.0,2.6,2.6,0.846,16.5
56,Nicaragua,Latin America and Caribbean,57.0,5.827999999999999,0.05371,0.59325,1.14184,0.7431399999999999,0.55475,0.19317,0.27815,2.32407,2015.0,Developing,74.8,145.0,2.0,,0.0,98.0,0.0,54.0,2.0,99.0,,98.0,0.1,295.96648799999997,68235.0,1.8,1.7,0.642,11.7
57,Peru,Latin America and Caribbean,58.0,5.824,0.04615,0.9001899999999999,0.97459,0.73017,0.41496000000000005,0.05989,0.14982,2.5945,2015.0,Developing,75.5,123.0,8.0,,0.0,9.0,4.0,55.6,10.0,88.0,,9.0,0.1,63.343258999999996,31376671.0,1.1,1.1,0.737,13.4
58,Belarus,Central and Eastern Europe,59.0,5.813,0.03938,1.0319200000000002,1.23289,0.7360800000000001,0.37938,0.1909,0.11045999999999999,2.1309,2015.0,Developing,72.3,196.0,0.0,,0.0,99.0,2.0,62.3,0.0,99.0,,99.0,0.1,5949.1167700000005,9489616.0,1.9,2.0,0.7979999999999999,15.6
59,Poland,Central and Eastern Europe,60.0,5.791,0.04263,1.12555,1.27948,0.77903,0.53122,0.04212,0.16759000000000002,1.86565,2015.0,Developed,77.5,117.0,2.0,,0.0,96.0,0.0,61.7,2.0,92.0,,98.0,0.1,12565.9876,37986412.0,1.9,2.0,0.852,16.4
60,Malaysia,Southeastern Asia,61.0,5.77,0.0433,1.12486,1.07023,0.7239399999999999,0.5302399999999999,0.10500999999999999,0.33075,1.8854099999999998,2015.0,Developing,75.0,123.0,4.0,,0.0,99.0,1318.0,4.6,4.0,99.0,,99.0,0.1,9643.644683,3723155.0,7.5,7.3,0.787,13.1
61,Croatia,Central and Eastern Europe,62.0,5.7589999999999995,0.04394,1.08254,0.79624,0.78805,0.25883,0.0243,0.054439999999999995,2.75414,2015.0,Developed,78.0,95.0,0.0,,0.0,94.0,206.0,63.7,0.0,94.0,,94.0,0.1,11579.6674,42364.0,1.5,1.4,0.823,15.3
62,Libya,Middle East and Northern Africa,63.0,5.754,0.07832,1.13145,1.1186200000000002,0.7038,0.41668,0.11023,0.18295,2.0906599999999997,2015.0,Developing,72.7,138.0,1.0,,0.0,97.0,82.0,64.8,2.0,97.0,,97.0,0.1,,,5.8,5.5,0.7190000000000001,13.4
63,Russia,Central and Eastern Europe,64.0,5.716,0.03135,1.13764,1.23617,0.6692600000000001,0.36679,0.03005,0.00199,2.27394,,,,,,,,,,,,,,,,,,,,,
64,Jamaica,Latin America and Caribbean,65.0,5.709,0.13693,0.81038,1.1510200000000002,0.6874100000000001,0.50442,0.02299,0.2123,2.32038,2015.0,Developing,76.2,125.0,1.0,,0.0,91.0,0.0,54.2,1.0,91.0,,91.0,0.5,4965.9898570000005,2871934.0,1.8,1.7,0.7290000000000001,12.8
65,North Cyprus,Western Europe,66.0,5.695,0.05635,1.2080600000000001,1.07008,0.92356,0.49027,0.1428,0.26169000000000003,1.5988799999999999,,,,,,,,,,,,,,,,,,,,,
66,Cyprus,Western Europe,67.0,5.689,0.0558,1.20813,0.89318,0.92356,0.40671999999999997,0.06146,0.30638000000000004,1.8893099999999998,2015.0,Developed,85.0,52.0,0.0,,0.0,97.0,0.0,6.3,0.0,97.0,,97.0,0.1,2375.1127,116985.0,1.0,1.0,0.8540000000000001,14.3
67,Algeria,Middle East and Northern Africa,68.0,5.605,0.05099,0.93929,1.07772,0.61766,0.28579,0.17382999999999998,0.07822,2.43209,2015.0,Developing,75.6,19.0,21.0,,0.0,95.0,63.0,59.5,24.0,95.0,,95.0,0.1,4132.76292,39871528.0,6.0,5.8,0.743,14.4
68,Kosovo,Central and Eastern Europe,69.0,5.5889999999999995,0.05018,0.80148,0.81198,0.63132,0.24749000000000002,0.04741,0.2831,2.76579,,,,,,,,,,,,,,,,,,,,,
69,Turkmenistan,Central and Eastern Europe,70.0,5.547999999999999,0.04175,0.95847,1.22668,0.53886,0.4761,0.30844,0.16979,1.8698400000000002,2015.0,Developing,66.3,215.0,6.0,,0.0,99.0,0.0,48.6,7.0,99.0,,99.0,0.1,6432.668768,5565284.0,3.3,3.3,0.688,10.8
70,Mauritius,Sub-Saharan Africa,71.0,5.477,0.07197,1.0076100000000001,0.98521,0.7095,0.56066,0.07521,0.37744,1.76145,2015.0,Developing,74.6,146.0,0.0,,0.0,97.0,0.0,33.3,0.0,98.0,,97.0,0.1,9252.117240000001,126265.0,6.9,6.8,0.779,15.2
71,Hong Kong,Eastern Asia,72.0,5.474,0.05051,1.38604,1.05818,1.01328,0.59608,0.37124,0.39478,0.6542899999999999,,,,,,,,,,,,,,,,,,,,,
72,Estonia,Central and Eastern Europe,73.0,5.428999999999999,0.04013,1.15174,1.22791,0.77361,0.44888,0.15184,0.0868,1.58782,2015.0,Developing,77.6,119.0,0.0,,0.0,91.0,4.0,59.9,0.0,93.0,,93.0,0.1,1774.9291,131547.0,1.9,1.9,0.863,16.5
73,Indonesia,Southeastern Asia,74.0,5.399,0.025960000000000004,0.8282700000000001,1.0870799999999998,0.63793,0.46611,0.0,0.51535,1.86399,2015.0,Developing,69.1,176.0,114.0,,0.0,78.0,15099.0,27.4,136.0,8.0,,78.0,0.3,3336.1668600000003,258162113.0,1.4,1.2,0.6859999999999999,12.9
74,Vietnam,Southeastern Asia,75.0,5.36,0.03107,0.63216,0.9122600000000001,0.7467600000000001,0.59444,0.10440999999999999,0.1686,2.20173,,,,,,,,,,,,,,,,,,,,,
75,Turkey,Middle East and Northern Africa,76.0,5.332000000000001,0.03864,1.06098,0.94632,0.73172,0.22815,0.15746,0.12253,2.08528,2015.0,Developing,75.8,16.0,15.0,,0.0,97.0,342.0,66.1,18.0,97.0,,97.0,0.1,1979.52569,78271472.0,4.9,4.8,0.764,14.5
76,Kyrgyzstan,Central and Eastern Europe,77.0,5.2860000000000005,0.03823,0.47428000000000003,1.15115,0.65088,0.43477,0.042319999999999997,0.3003,2.2327,2015.0,Developing,71.1,166.0,3.0,,0.0,97.0,17779.0,44.9,3.0,97.0,,97.0,0.1,,,3.3,3.4,0.662,13.0
77,Nigeria,Sub-Saharan Africa,78.0,5.268,0.04192,0.65435,0.9043200000000001,0.16007000000000002,0.34334000000000003,0.0403,0.27233,2.89319,2015.0,Developing,54.5,344.0,483.0,,0.0,49.0,12423.0,25.4,747.0,49.0,,49.0,3.7,2655.157977,181181744.0,9.8,9.7,0.525,10.0
78,Bhutan,Southern Asia,79.0,5.252999999999999,0.03225,0.77042,1.10395,0.57407,0.5320600000000001,0.15445,0.47998,1.63794,2015.0,Developing,69.8,211.0,0.0,,0.0,99.0,11.0,24.5,0.0,98.0,,99.0,0.5,2613.645177,787386.0,15.4,16.0,0.604,12.5
79,Azerbaijan,Central and Eastern Europe,80.0,5.212000000000001,0.03363,1.02389,0.9379299999999999,0.64045,0.3703,0.16065,0.07799,2.00073,2015.0,Developing,72.7,118.0,5.0,,0.0,96.0,0.0,52.5,6.0,98.0,,96.0,0.1,55.31381999999999,9649341.0,2.8,2.9,0.758,12.7
80,Pakistan,Southern Asia,81.0,5.194,0.03726,0.59543,0.41411000000000003,0.51466,0.12102,0.10464000000000001,0.33671,3.1070900000000004,2015.0,Developing,66.4,161.0,352.0,,0.0,72.0,386.0,25.4,433.0,72.0,,72.0,0.1,1431.2448650000001,18938513.0,19.2,19.6,0.5479999999999999,8.1
81,Jordan,Middle East and Northern Africa,82.0,5.192,0.045239999999999995,0.9019799999999999,1.05392,0.69639,0.40660999999999997,0.14293,0.11052999999999999,1.8799599999999999,2015.0,Developing,74.1,112.0,4.0,,0.0,99.0,0.0,65.6,4.0,99.0,,99.0,0.1,496.99275,915932.0,4.0,4.0,0.741,13.1
82,Montenegro,Central and Eastern Europe,82.0,5.192,0.05235,0.9743799999999999,0.9055700000000001,0.72521,0.1826,0.14296,0.1614,2.10017,2015.0,Developing,76.1,16.0,0.0,,0.0,82.0,0.0,61.8,0.0,89.0,,89.0,0.1,6461.192554,622159.0,1.8,1.8,0.804,15.1
83,China,Eastern Asia,84.0,5.14,0.02424,0.89012,0.94675,0.81658,0.5169699999999999,0.02781,0.08185,1.8604,2015.0,Developing,76.1,85.0,157.0,,0.0,99.0,42361.0,32.9,183.0,99.0,,99.0,0.1,869.211938,137122.0,3.6,2.9,0.7340000000000001,13.5
84,Zambia,Sub-Saharan Africa,85.0,5.129,0.06988,0.47038,0.91612,0.29924,0.48827,0.12468,0.19591,2.6343,2015.0,Developing,61.8,33.0,27.0,,0.0,9.0,9.0,23.4,40.0,9.0,,9.0,4.1,1313.889646,161587.0,6.3,6.1,0.5760000000000001,12.5
85,Romania,Central and Eastern Europe,86.0,5.124,0.06607,1.04345,0.8858799999999999,0.7689,0.35068,0.006490000000000001,0.13748,1.9312900000000002,2015.0,Developed,75.0,133.0,2.0,,0.0,9.0,4.0,6.7,2.0,89.0,,89.0,0.1,8958.788593000001,19815481.0,2.5,2.7,0.7979999999999999,14.7
86,Serbia,Central and Eastern Europe,87.0,5.122999999999999,0.048639999999999996,0.92053,1.0096399999999999,0.74836,0.20107,0.02617,0.19230999999999998,2.025,2015.0,Developing,75.6,121.0,1.0,,0.0,94.0,383.0,6.0,1.0,95.0,,95.0,0.1,5237.255334,795383.0,2.0,2.0,0.775,14.4
87,Portugal,Western Europe,88.0,5.102,0.04802,1.15991,1.13935,0.8751899999999999,0.51469,0.01078,0.13719,1.26462,2015.0,Developed,81.1,76.0,0.0,,0.0,98.0,8.0,61.6,0.0,98.0,,98.0,0.1,1922.681,135876.0,0.7,0.5,0.841,16.6
88,Latvia,Central and Eastern Europe,89.0,5.098,0.0464,1.11312,1.09562,0.72437,0.29671,0.06332,0.18225999999999998,1.62215,2015.0,Developed,74.6,153.0,0.0,,0.0,94.0,0.0,61.2,0.0,95.0,,95.0,0.1,13666.583359999999,1977527.0,2.2,2.1,0.828,16.0
89,Philippines,Southeastern Asia,90.0,5.073,0.049339999999999995,0.70532,1.03516,0.58114,0.62545,0.12279000000000001,0.24991,1.7536,2015.0,Developing,68.5,211.0,52.0,,0.0,6.0,619.0,25.4,66.0,79.0,,6.0,0.1,2878.33837,11716359.0,1.0,9.7,0.679,11.7
90,Somaliland region,Sub-Saharan Africa,91.0,5.0569999999999995,0.061610000000000005,0.18847,0.95152,0.43873,0.46581999999999996,0.39928,0.5031800000000001,2.11032,,,,,,,,,,,,,,,,,,,,,
91,Morocco,Middle East and Northern Africa,92.0,5.013,0.0342,0.7347899999999999,0.64095,0.60954,0.41691000000000006,0.08546000000000001,0.07172,2.4537299999999997,2015.0,Developing,74.3,95.0,17.0,,0.0,99.0,17.0,58.5,20.0,99.0,,99.0,0.1,2847.285569,3483322.0,6.4,6.2,0.645,12.1
92,Macedonia,Central and Eastern Europe,93.0,5.007,0.05376,0.91851,1.00232,0.73545,0.33457,0.053270000000000005,0.22359,1.7393299999999998,,,,,,,,,,,,,,,,,,,,,
93,Mozambique,Sub-Saharan Africa,94.0,4.971,0.07896,0.08308,1.02626,0.09131,0.34037,0.15603,0.22269,3.05137,2015.0,Developing,57.6,355.0,60.0,,0.0,8.0,79.0,22.6,81.0,8.0,,8.0,3.9,528.3125597,281691.0,3.6,3.5,0.414,9.1
94,Albania,Central and Eastern Europe,95.0,4.959,0.05013,0.8786700000000001,0.8043399999999999,0.81325,0.35733000000000004,0.06412999999999999,0.14272,1.89894,2015.0,Developing,77.8,74.0,0.0,4.6,364.9752287,99.0,0.0,58.0,0.0,99.0,6.0,99.0,0.1,3954.22783,28873.0,1.2,1.3,0.762,14.2
95,Bosnia and Herzegovina,Central and Eastern Europe,96.0,4.949,0.06913,0.8322299999999999,0.9191600000000001,0.79081,0.09245,0.00227,0.24808000000000002,2.06367,2015.0,Developing,77.4,88.0,0.0,,0.0,82.0,1677.0,55.8,0.0,74.0,,82.0,0.1,4574.9787,3535961.0,2.3,2.3,0.747,14.2
96,Lesotho,Sub-Saharan Africa,97.0,4.898,0.09437999999999999,0.37545,1.04103,0.07612000000000001,0.31767,0.12504,0.16388,2.79832,2015.0,Developing,53.7,484.0,4.0,,0.0,93.0,0.0,32.6,6.0,9.0,,93.0,9.3,173.82893,2174645.0,5.5,5.3,0.495,10.7
97,Dominican Republic,Latin America and Caribbean,98.0,4.885,0.07446,0.8953700000000001,1.17202,0.66825,0.57672,0.14234000000000002,0.21684,1.21305,2015.0,Developing,73.9,152.0,6.0,,0.0,81.0,0.0,58.9,7.0,87.0,,85.0,0.3,6468.471648,1528394.0,3.3,3.2,0.718,13.2
98,Laos,Southeastern Asia,99.0,4.876,0.06698,0.5906600000000001,0.73803,0.54909,0.59591,0.24249,0.42191999999999996,1.7379900000000001,,,,,,,,,,,,,,,,,,,,,
99,Mongolia,Eastern Asia,100.0,4.874,0.03313,0.82819,1.3006,0.60268,0.43626000000000004,0.026660000000000003,0.3323,1.34759,2015.0,Developing,68.8,222.0,1.0,,0.0,99.0,20359.0,52.7,1.0,99.0,,99.0,0.1,3944.1839,2976877.0,2.2,2.3,0.733,14.8
100,Swaziland,Sub-Saharan Africa,101.0,4.867,0.08742,0.71206,1.07284,0.07566,0.30658,0.0306,0.18259,2.48676,2015.0,Developing,58.9,373.0,2.0,,0.0,9.0,0.0,32.3,3.0,84.0,,9.0,7.1,3136.92511,131911.0,4.0,4.1,0.541,11.4
101,Greece,Western Europe,102.0,4.857,0.05062,1.15406,0.9293299999999999,0.88213,0.07699,0.013969999999999998,0.0,1.8010099999999998,2015.0,Developing,81.0,72.0,0.0,,0.0,96.0,1.0,66.5,0.0,99.0,,99.0,0.1,187.78991000000002,182883.0,0.8,0.7,0.865,17.2
102,Lebanon,Middle East and Northern Africa,103.0,4.8389999999999995,0.04337,1.0256399999999999,0.80001,0.83947,0.33916,0.04582,0.21854,1.57059,2015.0,Developing,74.9,98.0,1.0,,0.0,81.0,39.0,66.1,1.0,75.0,,81.0,0.1,846.632851,5851479.0,4.9,4.9,0.763,13.3
103,Hungary,Central and Eastern Europe,104.0,4.8,0.061070000000000006,1.12094,1.20215,0.75905,0.32111999999999996,0.02758,0.128,1.24074,2015.0,Developed,75.8,134.0,0.0,,0.0,,0.0,64.8,0.0,99.0,,99.0,0.1,12365.6263,984328.0,1.6,1.6,0.8340000000000001,15.6
104,Honduras,Latin America and Caribbean,105.0,4.788,0.056479999999999995,0.59532,0.9534799999999999,0.6951,0.40148,0.06825,0.23026999999999997,1.84408,2015.0,Developing,74.6,147.0,3.0,,0.0,97.0,0.0,51.0,4.0,97.0,,97.0,0.3,2326.1585600000003,896829.0,2.1,2.1,0.623,11.2
105,Tajikistan,Central and Eastern Europe,106.0,4.7860000000000005,0.03198,0.39047,0.8556299999999999,0.5737899999999999,0.47216,0.15072,0.22974,2.1139900000000003,2015.0,Developing,69.7,161.0,10.0,,0.0,96.0,3.0,4.7,11.0,96.0,,96.0,0.2,918.6771543,8548651.0,3.6,3.7,0.625,11.3
106,Tunisia,Middle East and Northern Africa,107.0,4.739,0.03589,0.88113,0.60429,0.73793,0.26268,0.06358,0.06431,2.12466,2015.0,Developing,75.3,1.0,3.0,,0.0,98.0,16.0,61.2,3.0,98.0,,98.0,0.1,3828.9158899999998,11273661.0,6.5,6.4,0.723,14.6
107,Palestinian Territories,Middle East and Northern Africa,108.0,4.715,0.04394,0.59867,0.92558,0.66015,0.24499,0.12905,0.11250999999999999,2.0438400000000003,,,,,,,,,,,,,,,,,,,,,
108,Bangladesh,Southern Asia,109.0,4.694,0.03077,0.39753,0.43106000000000005,0.60164,0.4082,0.12569,0.21222,2.51767,2015.0,Developing,71.8,129.0,92.0,,0.0,97.0,240.0,18.3,113.0,97.0,,97.0,0.1,121.15812,1612886.0,17.9,18.3,0.575,10.2
109,Iran,Middle East and Northern Africa,110.0,4.686,0.044489999999999995,1.0088,0.54447,0.69805,0.30033000000000004,0.058629999999999995,0.38086,1.6944,,,,,,,,,,,,,,,,,,,,,
110,Ukraine,Central and Eastern Europe,111.0,4.681,0.04412,0.79907,1.20278,0.6739,0.25123,0.02961,0.15275,1.5714,2015.0,Developing,71.3,195.0,4.0,,0.0,22.0,105.0,61.3,5.0,51.0,,23.0,0.2,2124.662666,4515429.0,2.3,2.4,0.748,15.3
111,Iraq,Middle East and Northern Africa,112.0,4.677,0.052320000000000005,0.98549,0.81889,0.60237,0.0,0.13788,0.17922000000000002,1.95335,2015.0,Developing,68.9,182.0,32.0,,0.0,56.0,1433.0,59.1,38.0,63.0,,58.0,0.1,4974.2693,36115649.0,5.3,5.1,0.649,10.1
112,South Africa,Sub-Saharan Africa,113.0,4.6419999999999995,0.04585,0.9204899999999999,1.18468,0.27688,0.33207,0.08884,0.11972999999999999,1.7195599999999998,2015.0,Developing,62.9,328.0,42.0,,0.0,75.0,17.0,51.1,52.0,75.0,,75.0,3.6,5769.77258,5511976.68,4.4,5.3,0.665,13.0
113,Ghana,Sub-Saharan Africa,114.0,4.633,0.04742,0.5455800000000001,0.6795399999999999,0.40131999999999995,0.42341999999999996,0.04355,0.23087,2.30919,2015.0,Developing,62.4,249.0,37.0,,0.0,88.0,23.0,28.6,52.0,88.0,,88.0,0.7,1361.11395,27582821.0,6.2,6.1,0.575,11.4
114,Zimbabwe,Sub-Saharan Africa,115.0,4.61,0.0429,0.271,1.0327600000000001,0.33475,0.25861,0.08079,0.18987,2.44191,2015.0,Developing,67.0,336.0,22.0,,0.0,87.0,0.0,31.8,32.0,88.0,,87.0,6.2,118.69383,15777451.0,5.6,5.5,0.507,10.3
115,Liberia,Sub-Saharan Africa,116.0,4.571000000000001,0.11068,0.0712,0.78968,0.34201,0.28531,0.06232000000000001,0.24361999999999998,2.7772900000000003,2015.0,Developing,61.4,259.0,8.0,,0.0,52.0,1060.0,27.3,11.0,52.0,,52.0,0.9,452.38717,4499621.0,6.5,6.4,0.42700000000000005,9.9
116,India,Southern Asia,117.0,4.565,0.02043,0.64499,0.38174,0.5152899999999999,0.39786,0.08492000000000001,0.26475,2.27513,2015.0,Developing,68.3,181.0,910.0,,0.0,87.0,90387.0,18.7,1100.0,86.0,,87.0,0.2,1613.1887800000002,1395398.0,26.7,27.3,0.615,11.6
117,Sudan,Sub-Saharan Africa,118.0,4.55,0.0674,0.52107,1.01404,0.36878,0.10081,0.1466,0.19062,2.20857,2015.0,Developing,64.1,225.0,58.0,,0.0,93.0,3585.0,,85.0,93.0,,93.0,0.3,2513.884661,3864783.0,,,0.488,7.2
118,Haiti,Latin America and Caribbean,119.0,4.518,0.07331,0.26673,0.74302,0.38847,0.24425,0.17175,0.46187,2.24173,2015.0,Developing,63.5,24.0,14.0,,0.0,6.0,0.0,49.9,18.0,56.0,,6.0,0.5,814.5463952,171161.0,3.9,3.9,0.49,9.1
119,Congo (Kinshasa),Sub-Saharan Africa,120.0,4.5169999999999995,0.0368,0.0,1.0012,0.09806000000000001,0.22605,0.07625,0.24834,2.86712,,,,,,,,,,,,,,,,,,,,,
120,Nepal,Southern Asia,121.0,4.513999999999999,0.03607,0.35996999999999996,0.86449,0.5687399999999999,0.38282,0.059070000000000004,0.32295999999999997,1.9563700000000002,2015.0,Developing,69.2,165.0,17.0,,0.0,91.0,1599.0,19.1,21.0,9.0,,91.0,0.1,743.7653489,28656282.0,15.7,16.1,0.555,12.2
121,Ethiopia,Sub-Saharan Africa,122.0,4.512,0.0378,0.19072999999999998,0.60406,0.44055,0.4345,0.15048,0.24325,2.44876,2015.0,Developing,64.8,225.0,136.0,,0.0,77.0,17745.0,17.6,194.0,75.0,,77.0,0.6,645.4637627000001,9987333.0,1.4,1.2,0.441,8.4
122,Sierra Leone,Sub-Saharan Africa,123.0,4.507,0.07067999999999999,0.33024000000000003,0.9557100000000001,0.0,0.4084,0.08786000000000001,0.21488000000000002,2.51009,2015.0,Developing,51.0,413.0,22.0,,0.0,86.0,607.0,24.4,30.0,86.0,,86.0,0.5,587.538233,723725.0,7.4,7.3,0.431,9.5
123,Mauritania,Sub-Saharan Africa,124.0,4.436,0.03947,0.45407,0.86908,0.35874,0.24231999999999998,0.17461,0.21899999999999997,2.11773,2015.0,Developing,63.1,25.0,8.0,,0.0,73.0,1.0,3.8,12.0,67.0,,73.0,0.9,1158.256469,4182341.0,7.8,7.5,0.513,8.5
124,Kenya,Sub-Saharan Africa,125.0,4.419,0.04734,0.36471,0.99876,0.41435,0.42215,0.05839,0.37542,1.78555,2015.0,Developing,63.4,249.0,54.0,,0.0,89.0,95.0,22.0,75.0,83.0,,89.0,2.8,1349.97144,47236259.0,7.8,7.6,0.55,11.1
125,Djibouti,Sub-Saharan Africa,126.0,4.369,0.08096,0.44025,0.59207,0.36291,0.46074,0.28105,0.18093,2.05125,2015.0,Developing,63.5,241.0,1.0,,0.0,84.0,47.0,35.0,1.0,84.0,,84.0,2.1,1862.167274,927414.0,5.6,5.4,0.47,6.3
126,Armenia,Central and Eastern Europe,127.0,4.35,0.04763,0.7682100000000001,0.7771100000000001,0.7299,0.19847,0.039,0.07855,1.75873,2015.0,Developing,74.8,118.0,1.0,,0.0,94.0,33.0,54.9,1.0,96.0,,94.0,0.1,369.65477599999997,291695.0,2.1,2.2,0.741,12.7
127,Botswana,Sub-Saharan Africa,128.0,4.332,0.049339999999999995,0.99355,1.10464,0.047760000000000004,0.49495,0.12474,0.10461,1.46181,2015.0,Developing,65.7,256.0,2.0,,0.0,95.0,0.0,37.9,2.0,96.0,,95.0,2.2,6532.651,229197.0,6.4,6.1,0.698,12.6
128,Myanmar,Southeastern Asia,129.0,4.3069999999999995,0.04351,0.27108000000000004,0.70905,0.48246000000000006,0.44017,0.19034,0.79588,1.41805,2015.0,Developing,66.6,199.0,39.0,,0.0,89.0,6.0,23.8,50.0,89.0,,89.0,0.3,1194.5913699999999,5243669.0,12.8,13.0,0.552,9.1
129,Georgia,Central and Eastern Europe,130.0,4.297,0.042210000000000004,0.7419,0.38561999999999996,0.72926,0.40576999999999996,0.38331,0.055470000000000005,1.59541,2015.0,Developing,74.4,129.0,1.0,,0.0,94.0,431.0,56.2,1.0,91.0,,94.0,0.1,3764.6491200000005,37171.0,2.7,2.8,0.768,13.9
130,Malawi,Sub-Saharan Africa,131.0,4.292,0.0613,0.016040000000000002,0.41134,0.22562,0.43054,0.06977,0.33128,2.8079099999999997,2015.0,Developing,58.3,365.0,26.0,,0.0,88.0,0.0,19.6,38.0,88.0,,88.0,4.8,362.65754439999995,1757367.0,6.4,6.2,0.473,10.8
131,Sri Lanka,Southern Asia,132.0,4.271,0.03751,0.83524,1.01905,0.70806,0.5372600000000001,0.09179,0.40828000000000003,0.67108,2015.0,Developing,74.9,138.0,3.0,,0.0,99.0,1568.0,23.4,3.0,99.0,,99.0,0.1,3844.8912299999997,2966.0,15.1,15.0,0.764,14.0
132,Cameroon,Sub-Saharan Africa,133.0,4.252,0.04678,0.4225,0.8876700000000001,0.23401999999999998,0.49309,0.05786,0.20618000000000003,1.95071,2015.0,Developing,57.3,357.0,45.0,,0.0,84.0,1809.0,29.0,68.0,83.0,,84.0,3.5,1244.429421,22834522.0,5.6,5.5,0.514,10.4
133,Bulgaria,Central and Eastern Europe,134.0,4.218,0.04828,1.01216,1.10614,0.76649,0.30587,0.00872,0.11921,0.89991,2015.0,Developed,74.5,137.0,0.0,,0.0,92.0,0.0,65.7,1.0,91.0,,91.0,0.1,6993.477359999999,7177991.0,1.9,1.8,0.792,15.0
134,Egypt,Middle East and Northern Africa,135.0,4.194,0.0326,0.8818,0.747,0.61712,0.17288,0.06324,0.11291,1.59927,2015.0,Developing,79.0,159.0,51.0,,0.0,93.0,5432.0,61.1,60.0,93.0,,93.0,0.1,,,2.8,2.8,0.688,13.1
135,Yemen,Middle East and Northern Africa,136.0,4.077,0.04367,0.5464899999999999,0.68093,0.40064,0.35570999999999997,0.07854,0.09131,1.92313,2015.0,Developing,65.7,224.0,37.0,,0.0,69.0,468.0,41.3,47.0,63.0,,69.0,0.1,,,13.6,13.4,0.499,9.0
136,Angola,Sub-Saharan Africa,137.0,4.033,0.047580000000000004,0.75778,0.8604,0.16683,0.10384000000000002,0.07122,0.12344000000000001,1.9493900000000002,2015.0,Developing,52.4,335.0,66.0,,0.0,64.0,118.0,23.3,98.0,7.0,,64.0,1.9,3695.7937479999996,2785935.0,8.3,8.2,0.531,11.4
137,Mali,Sub-Saharan Africa,138.0,3.995,0.05602000000000001,0.26074,1.03526,0.20583,0.38856999999999997,0.12352,0.18798,1.79293,2015.0,Developing,58.2,266.0,52.0,,0.0,64.0,215.0,23.8,84.0,66.0,,64.0,1.5,729.725338,1746795.0,7.7,7.5,0.43799999999999994,8.4
138,Congo (Brazzaville),Sub-Saharan Africa,139.0,3.989,0.06682,0.67866,0.6629,0.31051,0.41466000000000003,0.11685999999999999,0.12387999999999999,1.68135,,,,,,,,,,,,,,,,,,,,,
139,Comoros,Sub-Saharan Africa,140.0,3.9560000000000004,0.04797,0.23906,0.79273,0.36315,0.22916999999999998,0.19899999999999998,0.17440999999999998,1.95812,2015.0,Developing,63.5,227.0,1.0,,0.0,91.0,0.0,24.2,2.0,92.0,,91.0,0.8,727.6463868,777424.0,6.7,6.5,0.498,11.1
140,Uganda,Sub-Saharan Africa,141.0,3.931,0.04317,0.21101999999999999,1.13299,0.33860999999999997,0.45726999999999995,0.07267,0.29066,1.42766,2015.0,Developing,62.3,291.0,66.0,,0.0,78.0,478.0,18.5,93.0,82.0,,78.0,3.1,693.8963828999999,414487.0,5.6,5.6,0.488,10.0
141,Senegal,Sub-Saharan Africa,142.0,3.904,0.03608,0.36498,0.97619,0.4354,0.36772,0.10712999999999999,0.20843000000000003,1.44395,2015.0,Developing,66.7,188.0,19.0,,0.0,89.0,58.0,24.3,26.0,85.0,,89.0,0.3,98.7256145,14976994.0,9.5,9.3,0.491,9.5
142,Gabon,Sub-Saharan Africa,143.0,3.8960000000000004,0.04547,1.06024,0.90528,0.43372,0.31914000000000003,0.11091,0.06822,0.99895,2015.0,Developing,66.0,229.0,2.0,,0.0,8.0,27.0,36.3,3.0,79.0,,8.0,2.7,7388.984144,193175.0,6.1,5.9,0.6940000000000001,12.6
143,Niger,Sub-Saharan Africa,144.0,3.845,0.036019999999999996,0.0694,0.77265,0.29707,0.47691999999999996,0.15639,0.19387000000000001,1.87877,2015.0,Developing,61.8,22.0,49.0,,0.0,65.0,7693.0,19.3,87.0,65.0,,65.0,0.4,358.99731,19896965.0,9.6,9.4,0.35100000000000003,5.4
144,Cambodia,Southeastern Asia,145.0,3.819,0.05069,0.46038,0.62736,0.61114,0.66246,0.07247,0.40359,0.98195,2015.0,Developing,68.7,174.0,10.0,,0.0,89.0,0.0,19.6,12.0,87.0,,89.0,0.2,1163.18977,15517635.0,1.9,1.9,0.5579999999999999,10.9
145,Tanzania,Sub-Saharan Africa,146.0,3.781,0.05061,0.2852,1.00268,0.38215,0.32878,0.05747000000000001,0.34376999999999996,1.38079,,,,,,,,,,,,,,,,,,,,,
146,Madagascar,Sub-Saharan Africa,147.0,3.681,0.03633,0.20824,0.66801,0.46721,0.19184,0.08123999999999999,0.21333000000000002,1.851,2015.0,Developing,65.5,22.0,28.0,,0.0,69.0,3.0,2.5,38.0,71.0,,69.0,0.3,41.8575951,2423488.0,7.1,7.1,0.511,10.3
147,Central African Republic,Sub-Saharan Africa,148.0,3.678,0.06112000000000001,0.0785,0.0,0.06699,0.48878999999999995,0.08288999999999999,0.23835,2.7223,2015.0,Developing,52.5,397.0,15.0,,0.0,47.0,150.0,22.7,21.0,47.0,,47.0,4.4,348.381417,45461.0,8.2,8.2,0.34700000000000003,7.1
148,Chad,Sub-Saharan Africa,149.0,3.667,0.0383,0.34193,0.76062,0.1501,0.23501,0.05269,0.18386,1.9429599999999998,2015.0,Developing,53.1,356.0,46.0,,0.0,46.0,418.0,19.1,77.0,52.0,,46.0,2.8,777.248751,149413.0,8.5,8.4,0.39399999999999996,7.3
149,Guinea,Sub-Saharan Africa,150.0,3.656,0.0359,0.17417,0.46475,0.24009,0.37725,0.12139000000000001,0.28657,1.9917200000000002,2015.0,Developing,59.0,284.0,26.0,,0.0,54.0,243.0,23.3,40.0,42.0,,54.0,0.5,554.48766,1291533.0,7.3,7.3,0.414,8.8
150,Ivory Coast,Sub-Saharan Africa,151.0,3.655,0.051410000000000004,0.46534,0.77115,0.15185,0.46866,0.17922000000000002,0.20165,1.41723,,,,,,,,,,,,,,,,,,,,,
151,Burkina Faso,Sub-Saharan Africa,152.0,3.5869999999999997,0.04324,0.25811999999999996,0.85188,0.27125,0.39493,0.12832000000000002,0.21746999999999997,1.46494,2015.0,Developing,59.9,26.0,38.0,,0.0,91.0,99.0,19.4,61.0,91.0,,91.0,0.6,615.592225,1811624.0,8.0,7.5,0.39899999999999997,7.7
152,Afghanistan,Southern Asia,153.0,3.575,0.03084,0.31982,0.30285,0.30335,0.23414000000000001,0.09719,0.3651,1.9521,2015.0,Developing,65.0,263.0,62.0,0.01,71.27962362,65.0,1154.0,19.1,83.0,6.0,8.16,65.0,0.1,584.2592099999999,33736494.0,17.2,17.3,0.479,10.1
153,Rwanda,Sub-Saharan Africa,154.0,3.465,0.03464,0.22208000000000003,0.7737,0.42863999999999997,0.59201,0.55191,0.22628,0.67042,2015.0,Developing,66.1,227.0,11.0,,0.0,98.0,1.0,21.4,15.0,99.0,,98.0,0.4,71.34839699999999,11629553.0,5.7,5.7,0.493,10.8
154,Benin,Sub-Saharan Africa,155.0,3.34,0.03656,0.28665,0.35386,0.3191,0.4845,0.0801,0.1826,1.6332799999999998,2015.0,Developing,60.0,249.0,25.0,,0.0,82.0,55.0,25.7,39.0,78.0,,82.0,1.0,783.94791,1575952.0,6.9,6.8,0.48100000000000004,10.7
155,Syria,Middle East and Northern Africa,156.0,3.0060000000000002,0.05015,0.6632,0.47489,0.7219300000000001,0.15684,0.18905999999999998,0.47179,0.32858000000000004,,,,,,,,,,,,,,,,,,,,,
156,Burundi,Sub-Saharan Africa,157.0,2.905,0.08657999999999999,0.0153,0.41586999999999996,0.22396,0.1185,0.10062,0.19727,1.83302,2015.0,Developing,59.6,288.0,21.0,,0.0,94.0,9.0,18.7,31.0,94.0,,94.0,0.7,33.681222999999996,119927.0,7.3,7.2,0.406,10.6
157,Togo,Sub-Saharan Africa,158.0,2.839,0.06727000000000001,0.20868,0.13995,0.28443,0.36453,0.10730999999999999,0.16680999999999999,1.56726,2015.0,Developing,59.9,287.0,13.0,,0.0,88.0,20.0,24.3,20.0,88.0,,88.0,1.0,551.138346,741682.0,6.5,6.2,0.484,12.0
158,Antigua and Barbuda,,,,,,,,,,,,2015.0,Developing,76.4,13.0,0.0,,0.0,99.0,0.0,47.7,0.0,86.0,,99.0,0.2,13566.9541,,3.3,3.3,0.784,13.9
159,Bahamas,,,,,,,,,,,,2015.0,Developing,76.1,147.0,0.0,,0.0,95.0,0.0,64.5,0.0,95.0,,95.0,0.1,,,2.5,2.5,0.79,12.6
160,Barbados,,,,,,,,,,,,2015.0,Developing,75.5,98.0,0.0,,0.0,97.0,0.0,54.5,0.0,97.0,,97.0,0.1,15557.8381,,3.8,3.7,0.794,15.3
161,Belize,,,,,,,,,,,,2015.0,Developing,71.0,175.0,0.0,,0.0,94.0,0.0,5.9,0.0,94.0,,94.0,0.2,4849.9974950000005,359288.0,3.5,3.4,0.706,12.8
162,Bolivia (Plurinational State of),,,,,,,,,,,,2015.0,Developing,77.0,186.0,8.0,,0.0,99.0,0.0,52.6,10.0,99.0,,99.0,0.1,,,1.2,1.1,0.6709999999999999,13.8
163,Brunei Darussalam,,,,,,,,,,,,2015.0,Developing,77.7,78.0,0.0,,0.0,99.0,4.0,41.2,0.0,99.0,,99.0,0.1,3967.8951,,5.7,5.1,0.8640000000000001,14.9
164,CÃ´te d'Ivoire,,,,,,,,,,,,2015.0,Developing,53.3,397.0,57.0,,0.0,83.0,65.0,28.0,79.0,81.0,,83.0,1.9,,,5.5,5.5,,
165,Cabo Verde,,,,,,,,,,,,2015.0,Developing,73.3,114.0,0.0,,0.0,96.0,0.0,31.3,0.0,93.0,,93.0,0.2,2954.119467,532913.0,6.6,6.6,0.6459999999999999,13.5
166,Congo,,,,,,,,,,,,2015.0,Developing,64.7,267.0,7.0,,0.0,8.0,1359.0,27.4,10.0,8.0,,8.0,2.8,,,7.5,7.1,0.59,11.1
167,Cuba,,,,,,,,,,,,2015.0,Developing,79.1,92.0,1.0,,0.0,99.0,0.0,61.4,1.0,99.0,,99.0,0.1,762.261218,,3.5,3.3,0.773,13.9
168,Czechia,,,,,,,,,,,,2015.0,Developed,78.8,86.0,0.0,,0.0,97.0,9.0,66.1,0.0,97.0,,97.0,0.1,,,1.8,1.8,,
169,Democratic People's Republic of Korea,,,,,,,,,,,,2015.0,Developing,76.0,139.0,6.0,,0.0,96.0,0.0,32.9,7.0,99.0,,96.0,0.1,,,4.9,4.9,,
170,Democratic Republic of the Congo,,,,,,,,,,,,2015.0,Developing,59.8,258.0,236.0,,0.0,81.0,5020.0,21.6,308.0,78.0,,81.0,1.1,,,9.5,9.3,,
171,Equatorial Guinea,,,,,,,,,,,,2015.0,Developing,58.2,32.0,3.0,,0.0,16.0,1250.0,24.5,4.0,17.0,,16.0,4.2,1347.3125699999998,1175389.0,8.4,8.3,0.5820000000000001,9.2
172,Eritrea,,,,,,,,,,,,2015.0,Developing,64.7,255.0,5.0,,0.0,95.0,198.0,18.6,7.0,95.0,,95.0,0.4,,,8.4,8.2,0.418,5.0
173,Fiji,,,,,,,,,,,,2015.0,Developing,69.9,188.0,0.0,,0.0,99.0,0.0,62.7,0.0,99.0,,99.0,0.1,4921.89629,892149.0,4.0,3.7,0.7340000000000001,15.3
174,Gambia,,,,,,,,,,,,2015.0,Developing,61.1,262.0,3.0,,0.0,97.0,71.0,27.3,5.0,96.0,,97.0,1.7,,,7.3,7.2,0.45,8.9
175,Grenada,,,,,,,,,,,,2015.0,Developing,73.6,142.0,0.0,,0.0,92.0,0.0,48.4,0.0,99.0,,92.0,0.1,9212.192824,,3.8,3.8,0.7509999999999999,15.8
176,Guinea-Bissau,,,,,,,,,,,,2015.0,Developing,58.9,275.0,4.0,,0.0,87.0,153.0,26.3,6.0,87.0,,87.0,3.2,596.8717188999999,177526.0,7.1,7.0,0.42100000000000004,9.2
177,Guyana,,,,,,,,,,,,2015.0,Developing,66.2,215.0,0.0,,0.0,95.0,0.0,46.7,1.0,92.0,,95.0,0.3,4136.6899189999995,768514.0,5.5,5.3,0.638,10.3
178,Iran (Islamic Republic of),,,,,,,,,,,,2015.0,Developing,75.5,83.0,18.0,,0.0,98.0,615.0,59.7,21.0,98.0,,98.0,0.1,,,8.5,8.6,0.774,14.8
179,Kiribati,,,,,,,,,,,,2015.0,Developing,66.3,198.0,0.0,,0.0,82.0,0.0,77.6,0.0,8.0,,78.0,0.1,1424.4836109999999,11247.0,0.1,0.1,0.586,11.9
180,Lao People's Democratic Republic,,,,,,,,,,,,2015.0,Developing,65.7,194.0,8.0,,0.0,89.0,56.0,21.7,11.0,89.0,,89.0,0.2,,,8.8,8.9,0.5820000000000001,10.8
181,Maldives,,,,,,,,,,,,2015.0,Developing,78.5,61.0,0.0,,0.0,99.0,0.0,27.4,0.0,99.0,,99.0,0.1,8395.785198,49163.0,13.6,13.6,0.701,12.7
182,Micronesia (Federated States of),,,,,,,,,,,,2015.0,Developing,69.4,166.0,0.0,,0.0,78.0,0.0,69.4,0.0,71.0,,72.0,0.1,,,0.2,0.2,0.637,11.7
183,Namibia,,,,,,,,,,,,2015.0,Developing,65.8,248.0,2.0,,0.0,92.0,212.0,35.7,3.0,92.0,,92.0,2.1,4737.66996,2425561.0,8.2,8.1,0.637,11.7
184,Papua New Guinea,,,,,,,,,,,,2015.0,Developing,62.9,275.0,10.0,,0.0,67.0,38.0,48.6,12.0,74.0,,73.0,0.6,,7919825.0,1.3,1.3,0.515,10.0
185,Republic of Korea,,,,,,,,,,,,2015.0,Developing,82.3,64.0,1.0,,0.0,98.0,7.0,31.7,2.0,98.0,,98.0,0.1,,,1.5,1.0,,
186,Republic of Moldova,,,,,,,,,,,,2015.0,Developing,72.1,157.0,1.0,,0.0,88.0,0.0,53.4,1.0,88.0,,87.0,0.1,,,2.7,2.8,,
187,Russian Federation,,,,,,,,,,,,2015.0,Developing,75.0,222.0,13.0,,0.0,97.0,843.0,6.5,15.0,97.0,,97.0,0.1,9329.298351000001,1449687.0,2.3,2.3,0.805,15.0
188,Saint Lucia,,,,,,,,,,,,2015.0,Developing,75.2,138.0,0.0,,0.0,99.0,0.0,47.5,0.0,99.0,,99.0,0.1,,,4.3,4.3,0.735,13.1
189,Saint Vincent and the Grenadines,,,,,,,,,,,,2015.0,Developing,73.2,156.0,0.0,,0.0,98.0,0.0,54.1,0.0,97.0,,98.0,0.1,,,3.5,3.4,0.72,13.3
190,Samoa,,,,,,,,,,,,2015.0,Developing,74.0,125.0,0.0,,0.0,59.0,0.0,74.7,0.0,61.0,,66.0,0.1,4149.363444,193759.0,0.2,0.1,0.7020000000000001,12.9
191,Sao Tome and Principe,,,,,,,,,,,,2015.0,Developing,67.5,19.0,0.0,,0.0,96.0,0.0,3.9,0.0,96.0,,96.0,0.2,1624.6396300000001,195553.0,5.5,5.3,0.565,11.2
192,Seychelles,,,,,,,,,,,,2015.0,Developing,73.2,168.0,0.0,,0.0,98.0,0.0,37.4,0.0,97.0,,97.0,0.1,1539.464,93419.0,5.7,6.0,0.7809999999999999,14.1
193,Solomon Islands,,,,,,,,,,,,2015.0,Developing,69.2,177.0,0.0,,0.0,98.0,0.0,5.5,0.0,99.0,,98.0,0.1,1922.41388,587482.0,1.1,1.2,0.514,9.6
194,Somalia,,,,,,,,,,,,2015.0,Developing,55.0,312.0,50.0,,0.0,42.0,7497.0,24.3,80.0,47.0,,42.0,0.7,426.98537000000005,,6.6,6.4,,
195,South Sudan,,,,,,,,,,,,2015.0,Developing,57.3,332.0,26.0,,0.0,31.0,878.0,,39.0,41.0,,31.0,3.4,758.725782,11882136.0,,,0.42100000000000004,4.9
196,Syrian Arab Republic,,,,,,,,,,,,2015.0,Developing,64.5,293.0,6.0,,0.0,41.0,45.0,57.1,8.0,5.0,,41.0,0.1,,18734987.0,6.3,6.1,0.5529999999999999,9.0
197,The former Yugoslav republic of Macedonia,,,,,,,,,,,,2015.0,Developing,75.7,12.0,0.0,,0.0,92.0,1.0,6.3,0.0,92.0,,91.0,0.1,,,2.1,2.1,0.746,12.9
198,Timor-Leste,,,,,,,,,,,,2015.0,Developing,68.3,152.0,2.0,,0.0,76.0,43.0,17.4,2.0,75.0,,76.0,0.1,1161.76935,124977.0,1.9,11.1,0.603,12.5
199,Tonga,,,,,,,,,,,,2015.0,Developing,73.5,133.0,0.0,,0.0,78.0,0.0,75.2,0.0,8.0,,78.0,0.1,493.775387,16364.0,0.1,0.1,0.718,14.3
200,United Kingdom of Great Britain and Northern Ireland,,,,,,,,,,,,2015.0,Developed,81.2,69.0,3.0,10.66,0.0,,91.0,66.6,4.0,96.0,,96.0,0.1,,,0.8,0.6,,
201,United Republic of Tanzania,,,,,,,,,,,,2015.0,Developing,61.8,279.0,85.0,,0.0,98.0,30.0,23.8,119.0,96.0,,98.0,1.4,,,6.7,6.5,,
202,Vanuatu,,,,,,,,,,,,2015.0,Developing,72.0,13.0,0.0,,0.0,64.0,39.0,53.3,0.0,65.0,,64.0,0.1,285.83414,26463.0,1.5,1.4,0.598,10.8
203,Venezuela (Bolivarian Republic of),,,,,,,,,,,,2015.0,Developing,74.1,157.0,9.0,,0.0,87.0,0.0,62.1,10.0,87.0,,87.0,0.1,,,1.6,1.5,0.769,14.3
204,Viet Nam,,,,,,,,,,,,2015.0,Developing,76.0,127.0,28.0,,0.0,97.0,256.0,17.5,35.0,97.0,,97.0,0.1,,,14.2,14.5,0.6779999999999999,12.6
